{"cameraMode":{"drawMode":0,"name":"Shaded","section":"Shading Mode"},"sceneLighting":false,"audioPlay":false,"sceneViewState":{"showFog":true,"showMaterialUpdate":false,"showSkybox":false,"showFlares":true,"showImageEffects":true,"showParticleSystems":true},"in2DMode":false,"pivot":{"x":-28.729246139526368,"y":2.4855594635009767,"z":-3.7314281463623049},"rotation":{"x":-0.11439622938632965,"y":0.8388817310333252,"z":-0.19359777867794038,"w":-0.4956926107406616},"size":15.739997863769532,"orthographic":false}