{"cameraMode":{"drawMode":0,"name":"Shaded","section":"Shading Mode"},"sceneLighting":false,"audioPlay":false,"sceneViewState":{"showFog":true,"showMaterialUpdate":false,"showSkybox":false,"showFlares":true,"showImageEffects":true,"showParticleSystems":true},"in2DMode":false,"pivot":{"x":-15.980255126953125,"y":23.073410034179689,"z":-56.28323745727539},"rotation":{"x":-0.008564182557165623,"y":0.984350860118866,"z":-0.16877761483192445,"w":-0.04994839429855347},"size":389.4457092285156,"orthographic":false}